,popularity,duration_ms,explicit,danceability,energy,key,loudness,speechiness,acousticness,liveness,valence,tempo,time_signature,track_genre
0,0.8220852475818454,-0.301692667096657,-0.2977171185328323,-0.15396834167666254,-1.21368070997665,-1.0264511149805766,-0.3519673850510288,-0.5892422052458508,1.0845825345736375,-0.8134230529838322,-0.34983430880250604,-0.35872398934204247,-0.16969173346135927,acoustic
1,-0.7860759340913899,0.46828375281243245,-0.5998777761482441,0.9196719662519063,0.3618940814356315,0.9398681635973832,0.1390267408014335,0.027420397680918633,-0.18965771538085135,-0.3905615785845948,1.5696926862334146,-0.3355448142775081,0.3741038031701171,afrobeat
2,0.06264615824931767,0.17061862069913478,-0.26216880587219554,-0.28908271781508804,0.6644737882890172,1.6665513752457604,0.6120726065655436,-0.42098024844948,-0.8298756194760424,-0.04456659720648728,0.3089185846799913,0.2843259440338399,0.31170103667142246,alt-rock
3,-0.7915894263090266,-0.13813911094542272,0.6976356359649952,-0.06149999975517192,0.46332936097850613,1.0020442672678327,0.6454408692099266,-0.20708327521475156,-0.7194051293211713,-0.16423365915268312,0.15030586016754705,0.00966861916192138,0.33844507945657787,alternative
4,0.9739730654483514,0.207448170219677,-0.7154097922953133,-1.780049278167187,-2.3813606067133044,-1.4150517629208834,-3.0618574253052855,-0.6132216865501927,1.9886234578924185,-1.1366062604285065,-2.143035665908652,-1.2617613829787713,-2.237897708846631,ambient
5,1.381348998496631,-0.40950462580964564,-0.2710558840373547,-0.2626110376582728,0.19279384717992143,0.08883274460810732,0.09671069646420664,0.03800979354950062,-0.20311489576401928,-0.22089960004225534,-0.27685422466123083,0.15799919409083457,0.16906614181726548,anime
6,-0.9594841570654448,1.908500673461367,0.4043620565147425,-2.419434665578431,1.3756889769356595,0.22095696490781133,0.5122937684617958,0.035636038367563475,-1.239357507201066,0.3758684370989614,-1.9736018601564982,0.7379444113715989,-0.7134872700928316,black-metal
7,-0.6725157798668424,-0.15007362077676292,-0.7154097922953133,-0.2873020714010788,-0.654534785111186,0.9126661182415595,-0.4925835032795971,-0.6540892690200313,1.0405431229165822,0.19045955022144595,1.1256194191956723,0.5066580646904104,0.06208997067664777,bluegrass
8,-0.18234853626018038,-0.12484486784994347,-0.6354260888088809,0.01581047771741102,-0.35055944475078926,0.8077439432976792,-0.07803453005957298,-0.2950687595543499,0.35823382271244314,-0.29299009285654515,0.9084924668193781,-0.6379850640792791,-0.14294769067620383,blues
9,1.0165692391942858,1.061406790911354,0.0044435390825795906,-0.03446817655555746,-0.12172326860236021,0.4424593342337884,0.1944636720042921,0.16148775644875987,0.07524465951911706,1.1384868242638704,-0.029909181757736433,-0.024263196757139307,0.47216529338234703,brazil
10,-1.166329042520651,2.1533777058330585,-0.3332654311934689,0.7104146947040083,1.248306932281234,1.2857227402642555,0.6585845518401935,0.015032184935856669,-1.2206085847062966,0.09122502912061042,0.00472596760814859,1.2443429464924403,0.757435083090661,breakbeat
11,0.939380348147373,-0.149941316320241,-0.4132491346799015,-0.5863092909982237,-0.7909323630065717,-1.2790415361417748,-0.6693673224693683,-0.4929969636664661,0.486662950817775,-0.5294526820298286,-0.24014783086942446,-0.37953554122066213,-0.5173642896683639,british
12,0.13343228414026517,0.02697280745607517,-0.7420710267907908,-0.16903672640627265,-1.0585756929402486,-0.6728245253548955,-0.41698060974311496,-0.6484978516879981,0.9530531810733354,-0.2914349592111096,-0.5627264995411925,0.24349696483113614,0.16015146088888166,cantopop
13,-1.8585390977155454,3.1892912753654086,-0.5998777761482441,1.7840102627729293,0.5410052908642545,2.0318359843096476,-0.26363320498996107,-0.14606012041770858,-1.2038159175810021,-1.0248483950970835,0.7862268314632613,0.20294401394731426,0.7485204021622771,chicago-house
14,0.16082189064078256,-2.04559359625638,-0.7598451831211093,1.3392155261196141,-0.864465517719399,-3.035516464831971,-0.3397784600954383,0.11468578602407804,0.7912090465918509,-0.43431707779671047,1.5394118337048779,0.13645492080898292,-0.30341194738712846,children
15,1.8152252651071001,-1.3558779897893334,0.7598451831211095,0.8728382811718709,-1.2646116124452333,0.17821089363438042,-0.6519048786117578,0.24925835048112066,0.9437089957090282,-0.6117061687889194,-0.49141361686998875,-0.7625037942301628,0.3562744413133455,chill
16,-1.7948671553312254,0.11592091667986955,-0.7598451831211093,-1.6542765847233643,-2.6602190448508436,-1.2673835167035687,-3.5189128022996896,-0.48131888511552084,2.605425006695556,-0.6300818329566658,-0.6502311590053811,-1.6234723681249774,-1.916969195424778,classical
17,0.008845145480444495,-0.4992588755750906,-0.004443539082579467,0.3270844720329773,0.4733668467076938,-0.5096122532199668,0.40207743064381746,0.13763920168922514,-0.6695860552399766,-0.19131429517441056,-0.7399650450893002,0.13189565106630155,0.3473597603849617,club
18,-0.7657115838036677,-0.059691849526702145,5.070078093223309,0.09301357952683748,0.3449391078890873,-0.9914770566659475,-0.6508672272474975,9.54871751372671,1.7719976099348207,6.044023054787998,-0.13437385886002823,-2.4186501525034263,-2.7014611171226415,comedy
19,-1.441559016933318,-0.5061093931127272,-0.49323283816633406,-0.10295595370545965,-0.2626168601049435,0.6600756970803612,0.28929375683985614,-0.603174497350866,0.027196432964970076,-0.4898014947717976,0.33143454247915516,0.20758949966034948,-0.15186237160458765,country
20,-0.9380526792517283,-0.6954602047226611,0.7865064176165868,1.0832051012390504,0.3958923970496359,0.5357234897394625,0.8574858876555161,0.04248975836529105,-0.7910255146123819,-0.6118626262935772,0.548555902565402,-0.2309228776990862,0.7930938068042002,dance
21,0.02031676638488178,-0.7023952418115305,1.9240524227569609,1.4976125252191126,0.25850291196313413,0.02277063445825705,0.6332492798143136,1.456329937871603,-0.4280376359456382,-0.7658788543701311,1.0830893543568358,-1.0563003784522573,1.5865004094304473,dancehall
22,-0.09511086101015598,0.44714614590435187,1.4708114363338431,-1.7751806866402384,1.7089720318198038,-0.10546757936204602,0.8611036051080888,0.3786479315013432,-1.3270166717832075,0.40043361410183625,-1.583017449339693,0.1865167842853213,-0.16969173346135927,death-metal
23,1.0288412057432188,-0.19951516900220687,-0.5376682289921298,1.2853576830747673,0.5919055589122529,0.7067077748331965,0.38115091870825724,-0.35211288588095147,-0.9190447077835311,-0.5765356007591073,-0.18724476703084297,-0.14555328746643645,0.7128616784487379,deep-house
24,-1.962139395030814,3.307800918935648,-0.697635635964995,1.3938071028626964,0.4072589453334099,2.0046339389538277,-0.8369253700572958,-0.16985459682177934,-1.0732290604225625,-0.7963651386613508,-0.033821687681422574,0.5081936008520841,0.7217763593771217,detroit-techno
25,0.02520776754568843,0.4106217994928385,-0.7065227141301541,0.9833099426159112,0.5666321619300869,0.06940271221109233,0.24777171562929048,-0.3614784031785107,-0.6402158179516502,-0.24584917694881558,1.3749034374110565,-0.019833937038719062,0.47216529338234703,disco
26,-0.5071110133377436,-1.6488505293355762,-0.7509581049559501,-0.9299257298536814,-1.9963267662235122,-3.373599028540038,-1.9867848890772204,-0.13910962862599313,1.8426770408987174,-0.6072511762209458,-0.7375589622968534,-1.1533939685157832,-0.8739515268037563,disney
27,-0.5852781046168176,1.1661860852048054,-0.5287811508269707,-0.2801973816888996,1.3859261755221184,0.3414231657693091,1.213603987234232,0.09939157323014568,-1.2442009578914013,0.0944553370831584,-1.0666896977941898,3.7841120968021085,0.9178993398015856,drum-and-bass
28,0.6047469414543636,0.08294689683736699,-0.10220139889933046,0.0762450801305847,0.432618354342602,0.12380680292273638,0.6539928335350053,0.17993701434961965,-0.8286763204702308,-0.32374073637977274,-0.6105363852200504,0.8350382301247024,0.6682882738068149,dub
29,0.8073233168055928,-0.028091002452951336,0.08442724256901223,-0.43588314529370026,0.6927281500434387,-0.01997543681517731,0.9460382557495255,0.08152009986397808,-0.8665633742373284,-0.1878344644673655,-1.4145650904906755,1.313120879257569,0.5791414645229648,dubstep
30,0.15948798123328978,-0.8026305821615937,0.18218510238576308,0.7285432858335754,0.6763917561433113,1.7287274789162064,0.8818000870550525,-0.2030231292111145,-0.863854566384075,-0.2776532110853003,-0.06200403337006196,-0.012639477305572827,0.6950323165919703,edm
31,0.25223914870095154,-0.7824473868426354,0.5998777761482442,0.7601206787734766,0.1391347139089049,0.7611118655448404,0.6313705535496632,-0.07431095074880645,-0.37591368217117954,-0.3848805526396047,-0.051203923218026255,-0.15010935555504784,0.5167386980242741,electro
32,0.9858893228219532,0.11450395639694352,0.3066041966979915,0.7708224532013941,0.3144124969001623,0.3608531981663241,0.3303897836957369,-0.0410470696801015,-0.5936577048750767,-0.3072034478917563,-0.5748128364038916,0.09147602620560198,0.5345680598810417,electronic
33,1.3240798212682765,-0.880777418961814,3.372646163677907,0.29099640644331576,0.16839600727036788,0.05385868629348172,0.456015762358548,0.34588925612183924,-0.5159253727652243,-0.4021394339292764,-0.2302152247108303,0.5539782831784038,0.5078240170958863,emo
34,0.4239577530921821,0.8296904336354515,-0.7065227141301541,-0.07414348409183492,-0.5630592269990915,-0.8010627391751985,-0.22893301838329266,-0.3692500321045054,0.6906971008055033,-0.5050641941054901,0.11558263223343164,-0.4205957255852486,-1.2840268495094596,folk
35,0.7636600155336641,-0.8573562908921794,-0.5998777761482441,0.7424663301561831,0.8727466096201387,-0.09769556640324073,0.9286341335235158,-0.3908301421637954,0.3559161927137649,1.0981464147223896,2.0036138497282434,2.0827171045699364,0.7663497640190488,forro
36,0.6961641995145319,-0.46955584736725986,1.1864249350487497,0.7576027194724589,-0.2733094511358606,0.7067077748331965,-0.17517734883453925,0.597629693264286,0.14984228461011037,-0.5269871275598754,-0.30847582872838264,-0.49485580487918285,0.21363954645918853,french
37,-0.08150498505372962,-0.3499215584828021,1.9418265790872793,0.9966603167350198,-0.049390688614706676,-0.4280061171525025,0.5195700581139503,0.9534353868091067,-0.06567190622286458,-0.44503981195214076,0.8778795720693388,-0.5022039440077624,0.9535580635151287,funk
38,0.6842479421409302,-0.6482145107363738,0.08442724256901223,-0.7385268206830733,0.6066041895580583,0.7028217683537955,0.5048741911462169,-0.26638446132465793,-0.6346427799229254,-0.011683545796500588,0.30733107334308013,0.5603326517521324,0.39193316502688474,garage
39,-0.5769189389965298,-0.30507891684182964,0.36881374385410576,-0.379953846747128,-0.6460627182738635,-0.07049352104741698,-0.9058431835776952,0.1829639791409748,0.28814095432058123,-0.23159805630903227,-0.6640161539696627,-0.531061138223411,-0.21426513810328232,german
40,0.7470306115869216,1.957087951637189,-0.7598451831211093,-0.8366538600529042,-0.38367466427910024,-0.07049352104741698,0.314837743334154,-0.6173657963162604,0.26685691104054665,1.1480172443320806,-1.0725105726961965,0.3976099557028519,0.20472486553080474,gospel
41,-0.384658129729911,0.5819624573253968,-0.17329802422060378,-0.7867510206009833,0.5866913460576387,-0.4008040717966787,0.32498718747707894,-0.16450937831856835,-0.6494166179640416,0.22665248711790145,-0.2133614605836079,0.24238370397254103,0.3295303985281901,goth
42,-1.6552513040136532,-2.1658427022732303,0.5998777761482442,-2.63917180185039,1.6661486465835886,-0.3969180653172778,0.5982992279433271,0.7516804274906178,-1.31839448763987,0.9128737537756533,-1.8009594779902438,-0.33364920637757206,-0.9452689742308348,grindcore
43,0.4078619129084367,0.5476643361361135,0.10220139889933058,0.15309921103475288,0.7201388869848424,0.9670702089532035,0.5476828608386879,-0.19817884705325217,-0.7890570330459133,0.2368775245559287,-0.33271141571680246,0.18196528998824216,0.3295303985281901,groove
44,1.4544472340272327,0.17344790061553098,-0.11997555522964883,-0.9819331323034663,0.9538335644132697,-0.21038975430592974,0.7691351288565316,-0.3358224928547912,-1.125752738166179,0.11563374861882776,-0.5151563832980731,0.8234392091474032,0.097748694390187,grunge
45,-0.3301456986103748,-0.3609097663748121,-0.7420710267907908,-0.2394715822480763,-1.8638898895896738,-1.0109070890629626,-1.714702635705734,-0.47269054118981013,1.9725325784872627,-0.8615755475854706,-0.29207434105865987,-1.1603249778567566,-1.1413919546553026,guitar
46,-1.0246678634449229,0.32064204173204364,0.3599266656889466,-0.1248516410174283,1.5882076111350905,1.7326134853956108,0.841458392774389,0.5010614046667361,-1.1093830700652654,0.9520973804390598,-1.0247922607668487,3.5173742919657545,0.6415442310216595,happy
47,0.8480520173810373,0.5346905505617363,-0.32437835302830975,-0.7565516153382554,0.9052249866743767,0.6950497553949903,0.4476135987725035,-0.2590269587523465,-0.9666948489554161,0.10395203786157152,0.2816827340816983,0.3697864383731653,0.4899946552391186,hard-rock
48,0.25490696751593644,-0.4261552760580041,2.128455220555622,-0.18244078835695893,1.1845519900572246,0.6639617035597656,0.7349402977074366,0.9207862912551473,-1.07636137720047,0.29161472206911526,0.15522497829957776,0.3691366169414276,0.49890933616750244,hardcore
49,-0.5883016326071344,-0.06245558601291008,0.0933143207341714,-0.24670512275604284,1.5309153534074533,1.2779507273054502,1.1584326118869346,0.5375372554270674,-1.135669450002817,0.5870091884063261,-1.1336958180934396,2.823128766537836,0.5345680598810417,hardstyle
50,-0.6236057682587756,0.5532062594476769,-0.02221769541289783,-1.2375077909510543,1.3704204457186084,0.5124074508630431,0.7408902883262422,-0.14366501851650937,-1.291400413181679,0.8901536963104686,-0.6002304937008613,0.5106717954482577,0.40084784595526857,heavy-metal
51,0.4019927115154685,-0.4904533580997695,2.075132751564667,1.5153742494995615,0.24240805868684595,0.9204381312003682,0.674204387397901,0.6503817059046028,-0.5198248776243265,-0.28200434824069853,0.5395131695604352,-0.6149754623357497,0.5167386980242741,hip-hop
52,-1.5014070856828248,-1.509387871027452,-0.7598451831211093,0.0395762911626855,-1.6167071471855894,-0.8554668298868392,-1.0369478430242467,-0.6749862840629367,1.7096965616371669,-0.3120617231657007,1.1013509775032295,-0.6392969418350994,-0.7580606747347547,honky-tonk
53,0.08158767183571453,-0.8563954467196526,0.19107218055092226,0.9103123876134421,0.6698348118912946,0.9243241376797692,0.8866641703403034,-0.21722154374959615,-0.8880273181957277,-0.34485305810743966,0.1440452914606452,-0.119019922382797,0.7306910403055095,house
54,-1.553785261750373,0.9041774291342005,-0.6354260888088809,-0.34863594499318856,-0.506550798051985,-0.2337057931823491,-1.228581770654155,-0.1309537587532821,0.2702219648944678,-0.6101186646252786,-1.198992095711014,0.13144387480784914,-0.463876204098057,idm
55,1.4495562328664262,0.4007486339869646,-0.5465553071572891,0.22793110028281097,-0.43749345001123985,-0.7971767326957941,-0.1752264929505066,-0.17812146963465314,0.731973646354031,-0.5480158254488462,-0.0772031786798173,-0.6866271083196717,-0.29449726645874463,indian
56,0.5030141173095848,-0.44275961170584976,-0.013330617247738649,0.18318229266239536,-0.5018793434745936,-0.31531192924981344,-0.007978112502954942,-0.31304269717297545,0.28190791951248106,-0.7174417689626069,-0.04271902114518372,-0.34925303921923156,-0.24100918088843773,indie-pop
57,0.6597040090430636,-0.515075219755892,0.19107218055092226,0.33617471671635624,-0.47273187053544147,-0.10158157288264165,0.07766942386890688,-0.26741764253694,0.24733592534780652,-0.6222414236930786,-0.09404016593690055,-0.22512525389944155,0.0710046516050316,indie
58,-0.195420848453609,0.61059310495917,1.3375052638564555,-0.32556359937246415,1.2982074577959286,0.6795057294773762,0.6615394158249829,0.030804564241258325,-1.1977146923595932,0.2621211336695182,-0.3438869083382005,0.5355186892497049,0.40976252688365633,industrial
59,-2.7592836569484693,2.106220413921558,-0.04887892990837537,-2.3811811907817835,-0.5628300426509703,-0.6767105318342999,-1.4273649829618207,0.09053837719487505,0.41341017028263705,-0.2900133539532701,-2.2406337098702673,-0.843689966039174,-1.5692966392177694,iranian
60,-0.5853670319106506,-0.7939326036966872,2.7150023794561275,1.0178938541241906,0.3674471592900348,-0.45132215602892184,0.6512839861789467,1.9319248812272043,-0.36356054786637393,-0.40062341466000534,0.6312099494506278,-0.8269350242140018,1.5775857285020674,j-dance
61,-0.7586863275908725,0.645405649032712,-0.7509581049559501,-0.16089407195024857,1.3390454969288828,-0.937072965954307,1.3285920410833532,-0.21586816174838372,-0.7035276605962582,0.21276958112270059,0.7232401696348346,1.5967296858791875,0.6861176356635825,j-idol
62,0.7029226738458285,0.19366275343424394,-0.6532002451391992,-0.135311820203244,0.22517148412031437,0.07328871869049672,0.5858864900258587,-0.3598361289099523,-0.14131573227815478,-0.20263588391663512,0.4717856438452049,0.2818916578363664,0.22255422738757236,j-pop
63,0.660326500099894,0.3894172018233031,-0.6087648543134033,-0.5165759561557086,0.7028316176015768,0.37251121760453376,0.7594558103531062,-0.2881851541496557,-0.6299560258534149,0.1358653224969981,0.44515306153566303,0.7289028259287392,0.3741038031701171,j-rock
64,-1.743911815965003,-0.8658016755908999,-0.7331839486256317,-0.5084690935874023,-1.699198984724254,-2.5070195836331512,-0.9828244807524076,-0.4217985393545244,1.7260989430503813,-0.5870897384655529,0.11338905646274605,-1.0875753932158696,-0.6421698226657532,jazz
65,2.103794333594694,0.5340885756226408,-0.32437835302830975,0.7241766755318828,0.20189992869864717,0.07328871869049672,0.5293902958896693,0.04799294259104123,-0.0944706978052767,-0.5025055743956972,0.5791303503213735,-0.3320422047232282,0.10666337531857083,k-pop
66,-1.631863425735614,-1.638840809273431,-0.6887485577998358,1.8979179454379727,-0.16645187914953857,-0.8748968622838577,0.0413791586666767,0.97047149189482,-0.32840264801968233,-0.5600010098142744,1.4455760028719524,-0.0454100075549661,0.40084784595526857,kids
67,-2.2179832193879196,-0.3247242792676393,0.42213621284506087,1.3878477535575187,0.504862565809339,0.8660340404887242,0.8867743005278942,0.12055186447728262,-0.5663308480913972,-0.5295430497264845,1.0980515263758759,-0.2670596041703518,0.5078240170958863,latin
68,-0.6742943257434993,-0.4150899690591894,1.453037280003525,1.7024137067460203,0.532648574402902,1.083650403335297,0.9124337460898273,0.42365393127877987,-0.6144347055705216,-0.5445144143963307,1.091423264598426,-0.31589351896546086,0.7217763593771217,latino
69,-0.25615819014144464,0.614306865093678,-0.439910369175379,0.5531361920957224,-0.37106624371471036,-0.6106484216844461,-0.03394041608076198,-0.052379331379001796,0.3841066512686802,-0.544587248062292,0.19179226387648118,-0.32394705109287997,-1.1770506783688417,malay
70,1.0481384285049469,0.540357610594028,-0.6887485577998358,-0.18135808375346524,-0.8421452788815732,-0.36971601996145403,0.02432792671918319,-0.6427441992895736,0.7120358981094872,-0.7316847969728391,-0.8661333998615214,0.1518577355128663,0.36518912224172934,mandopop
71,0.9307544006455866,0.6532244082137908,0.5021199163314932,-0.9172750871394749,1.1717090983506695,0.7533398525860352,0.8388608598014863,-0.2048077149414198,-1.1961761804638107,-0.11322581509103953,-0.3923874418377837,0.6585834110729503,0.2492982701727278,metal
72,0.9104789776516969,0.022454767634402177,1.8262945629402099,-1.2795605746290521,1.608909409968501,-1.049767153856996,1.1253606941828156,0.36442674712898204,-1.3115598250165512,0.6019239046693141,-1.1126310595613071,0.9641961570252677,0.16015146088888166,metalcore
73,0.06967141446211278,3.2354537452798993,-0.7242968704604725,1.454894907226739,0.22910565067152489,0.6251016387657321,-0.4478478513531823,-0.31418688132541994,-1.0504443386587283,-1.0532508272788512,-1.3313007849541407,0.29731162425848756,0.4543359315255794,minimal-techno
74,0.6717091937104986,0.027274334803158544,-0.7154097922953133,0.06521223074126781,-0.3628740659045643,1.2002305977173904,-0.25207012739073176,-0.3996577221359517,0.4561595769580561,1.6982526615535054,0.5757651897859748,-0.22717820022803936,0.13340741810372625,mpb
75,-0.3711411810673179,1.632073450610235,-0.7154097922953133,-1.9537490988608535,-2.5148628783893763,-2.464273512359717,-3.0379064778954628,-0.5549209500163665,2.1919828709658344,-0.17617838037035527,-2.0335036749881006,-1.6224486392355975,-1.6316994057164642,new-age
76,-0.7663340748604978,0.1219587921719161,-0.7509581049559501,-2.2659572614458803,-1.910696844682403,-0.7738606938193748,-1.5740086566187346,-0.5438846961578996,2.066731853229586,0.0847104623318397,-1.809406632105273,-1.8939246634082754,-2.050689409350551,opera
77,0.9834882858884662,0.006714741460991767,-0.6265390106437216,0.09773810870571732,0.41674736798596923,-0.4785242013847421,0.29314683316107,-0.3111670321071519,0.9621157161779328,4.131435264529907,1.4953068401817349,0.538732120834451,0.8287525305177394,pagode
78,-1.089940497118234,-0.6194024183035713,-0.35992666568894643,0.8982952613118591,1.3541252904615748,0.12380680292273638,1.1389265425321802,0.03836699531848518,-0.9565735887059267,1.0005998812687897,1.4481701264172089,1.0465389263676295,0.5345680598810417,party
79,1.0701923973754939,-0.5528027119726707,-0.6532002451391992,-0.9995042647818128,-1.89273703857575,-0.8904408882014682,-2.591913263776085,-0.537948885088439,1.67944113484753,-0.9264811341298258,-1.1240644965610929,-0.4646015460404551,-1.2929415304378433,piano
80,1.2749919550725441,-0.16900181907351333,-0.10220139889933046,0.5694572928954904,-0.20587366545393535,0.3997132629603541,0.38634124787180085,-0.06655782231283908,0.12392280558224089,-0.7458307134284559,0.22477139635238746,-0.13958803420718902,-0.41038811852774615,pop-film
81,2.3160637839737035,1.18607489793896,-0.7509581049559501,0.2715345674962242,-0.21692031969199124,-0.051063488650401986,0.11467109455710509,-0.29309205335068644,0.5415696035954607,-0.6360245205904805,0.38576364027955795,-0.5591870975180713,-0.04488620046396995,pop
82,-0.5638466268031012,-0.975299154943951,-0.4665716036708565,-0.8356516871967782,0.94439580637937,-0.41634809771429276,0.4686410633800217,-0.38020374531515927,-0.9876775835829247,0.13074133921945316,0.9821513151650302,1.4297418148826573,0.5523974217378133,power-pop
83,1.1895328256991766,-0.4867390466009701,-0.2977171185328323,0.5112417875208799,1.013152406887263,0.7416818331478255,0.8400500881981299,-0.24168203779464228,-1.09154319315415,-0.056944274105152015,-0.7603286702568708,0.33683672984055396,0.6861176356635825,progressive-house
84,0.8483187992625358,-0.026466200805524785,-0.6265390106437216,-0.5748719932776858,-0.4705915849588401,0.3142211204134854,-0.5109166269267341,-0.5313513257218557,0.0013689539737732263,-0.14731736584734853,0.633772616364373,-0.06572976249923757,-0.05380088139235377,psych-rock
85,0.44930203183454365,-0.27529440158637275,0.18218510238576308,-0.5997115633545245,0.9914373156806744,-0.6689385188754946,0.7494452131402346,-0.2913273912250257,-0.9721333535664184,0.03210432393381997,0.5698716151133655,1.3095543509666485,0.3830184840985009,punk-rock
86,0.444411030673737,-0.2650695575563725,-0.04887892990837537,-0.5321454273133812,0.9932459247421025,-1.0031350761041573,0.6934824991062986,-0.30090352948597027,-1.0002295713306428,0.3117829036824681,0.6493953776451404,1.1515878263854469,0.48107997431073485,punk
87,0.3066626525266544,-0.21661855825467732,0.02221769541289795,0.4258154995080627,-0.019164703799198785,1.6859814076427755,0.2130120231954563,0.06498493112361338,0.23960999489158652,0.6559111851774162,1.1121364078938938,0.21623762468677016,-0.22317981903166614,r-n-b
88,-1.1212429045473968,-0.306583865676324,0.7242968704604728,1.5974897878983918,0.4972687642452337,1.2973807597024654,0.8782483885052557,0.4376545328854336,-0.5982923341167964,-0.3402038424302364,1.2125536650751314,-0.2607330213801725,0.8287525305177394,reggae
89,-0.8341856000549611,-0.3410109371893545,1.1242153878926353,1.715513537651097,0.5734836679184918,0.9787282283914133,0.9686235296234461,0.5165904313725508,-0.646456296365146,-0.5822314631916085,1.179171188679631,-0.37452884032147976,0.7930938068042002,reggaeton
90,-1.266105466201107,-0.19193538029460264,-0.3777008220192648,-0.20751300570397,0.2220308668869364,0.4735473860690131,0.472043849337458,-0.49423649649828105,-0.45495522058368637,-0.5535376963459949,0.45321574571000556,0.47720662061012425,0.11557805624695465,rock-n-roll
91,0.10630945952124635,-1.2482840037597072,-0.7420710267907908,-0.14762422957850663,-0.6761226256476544,-0.42412011067309807,-0.33235710648651035,-0.47347467734403526,1.026582201534798,0.18557969460203125,1.3730593797682693,-0.20099758881621044,-0.41930279945612997,rock
92,-0.15460322058433149,-1.2771089613593185,-0.7154097922953133,-0.05009133554480885,0.10597825573749958,0.9204381312003682,0.016730127970998328,-0.3570482473743317,0.5686665095208427,0.2072598491698787,1.7677422401528016,0.1729805339051553,0.026431246963108532,rockabilly
93,-2.667243907831471,-0.6361017034771691,-0.7242968704604725,-1.2049953349445002,-2.044723612986289,-0.34251397460563376,-1.4644844811087852,-0.28230057520642404,2.3877654509977164,-0.03748824389231141,-0.563797423085071,-1.4241397868705712,-1.872395790782855,romance
94,1.702109747351716,-1.705284134907067,3.239339991200519,1.123667830305141,-1.0540164663844214,0.2170709584284104,-0.5968516267721183,0.6514874659623763,0.6837135509189148,-0.5657049648763266,-0.36362978931062456,-0.3525120943744975,0.5880561454513525,sad
95,-0.45997954760633397,1.110714035984717,-0.7331839486256317,0.9081111865187369,0.4897692224367723,-0.7466586484635546,0.39574080017287927,-0.40547114534830997,0.6644909349018722,-0.4211436256588376,2.3821042342835357,-0.25530313041960456,0.7485204021622771,salsa
96,0.49687813403511805,-0.03507499609623078,-0.7420710267907908,0.07245114003239429,0.18416436655067317,-0.35028598756443907,-0.06845586817921333,-0.014355131914864793,0.7534323018677284,3.097313202234724,1.5332721982702286,-0.4602922340049309,0.5791414645229648,samba
97,1.3007808702840702,-0.5386278252356104,-0.7065227141301541,0.22232966985482042,0.406543749437458,0.10826277700512231,0.8210961500257852,-0.28158901789768975,0.5240255725625051,3.5158640026263184,1.0153974794906508,0.5607879726990236,-0.19643577624651073,sertanejo
98,-0.17719075321787517,-0.4917772067379165,-0.5998777761482441,-0.9221955769036158,-1.4294550761360403,-1.1896633871155053,-0.7175477992957939,0.3348715027533992,1.3875860389914123,0.027724862574991804,-0.6658692990837756,-0.889101770010945,-0.9630983360876063,show-tunes
99,0.4067947853824425,-0.24074653534641088,-0.3421525093586281,-0.04275399856245683,-1.2206305995850095,-0.3852600458790681,-0.45015732875478026,-0.4719960612564856,1.0240349174989387,-0.8545781205668072,-0.41781838082361356,-0.2756298603959607,-0.6154257798805978,singer-songwriter
100,0.16784714685357766,-0.14728911623556393,-0.5465553071572891,0.12416146981411376,0.8940021845179607,0.2092989454696051,0.5643051179425823,-0.17825097306484272,-0.8324026699904987,0.7803650375031871,1.5564165896633522,0.7078518360634859,0.5434827408094255,ska
101,0.162956145692771,-1.0101493066568967,-0.7598451831211093,-3.5691452620701267,-1.7633116032496607,-1.4733418601119317,-4.717575685013488,-0.3956986172701547,1.4739559662624295,1.944704253136237,-2.9071544969476757,-4.291170810585249,-6.882446472535112,sleep
102,0.4067947853824425,-0.24074653534641088,-0.3421525093586281,-0.04275399856245683,-1.2206305995850095,-0.3852600458790681,-0.45015732875478026,-0.4719960612564856,1.0240349174989387,-0.8545781205668072,-0.41781838082361356,-0.2756298603959607,-0.6154257798805978,songwriter
103,-1.1954971948978252,-0.6504065513725115,0.16441094605544473,0.298074252239706,-0.6333675787342806,-2.2816312078277696,-0.00756275590835878,-0.3503894940791973,0.3730923162543737,-0.4268448831777061,0.34422061463390474,-0.859720533630658,-0.21426513810328232,soul
104,0.4164878604102225,0.08442186523849435,-0.42213621284506064,0.3356378384005739,0.3911440618590473,-0.016089430335776384,0.5247070984770468,0.03788455946316335,-0.19870672785958277,0.13681081138290482,0.5202777889097183,0.07828040894969125,0.36518912224172934,spanish
105,-0.6340991889310515,-1.9863040844679005,-0.7598451831211093,1.0597972066709622,-1.359253120100035,0.4502313471925937,-0.7678974263493067,0.21896450961907166,0.928819947330725,-0.704876612812671,-0.4988835182994165,-1.187356543182889,0.3562744413133455,study
106,0.3500591719170846,-0.4331263815609621,0.08442724256901223,0.21128787249357356,-0.11417365129871293,0.8660340404887242,0.1428250480777434,-0.28235892290574016,0.039998110390527225,-0.31232877994089275,0.4115399031757513,-0.12044099941141394,0.40976252688365633,swedish
107,0.2967917229112085,0.3854209593832918,-0.36881374385410565,0.4819640233669114,0.42270870840700714,-1.387849717565063,0.016081188801109966,-0.5168042481020941,-0.7000212436834087,-0.3963186752473672,0.7850797129675021,0.08029230549929985,0.6682882738068149,synth-pop
108,-1.188738720566529,-1.0375092893331703,-0.7598451831211093,-0.25893700038393985,-1.5821191189753345,-1.4927718925089468,-0.5338947576795062,-0.06854022097497242,2.2875068855631473,0.2265230050450812,0.7651739565474774,-0.868279126687862,-0.8026340793766777,tango
109,0.5160864295030134,1.9362609925605188,-0.5287811508269707,1.0518156157096723,0.618757806801463,0.7999719303388705,0.05361041861373391,-0.2908933412666978,-1.005318093792565,-0.729938137761357,-1.063862795175754,0.6983773412522378,0.5613121026661971,techno
110,0.39096572708019506,0.9414160450122407,-0.5643294634876075,0.14861627709797487,1.2011593807548298,1.5655152067812776,0.5711521367022466,-0.0703959624361512,-1.201405502222592,0.28060604833620717,-1.3784116343772026,1.2725304232831935,0.47216529338234703,trance
111,0.10862156916090071,1.0780291377927325,-0.35992666568894643,0.6075219654844217,-0.11204986117934854,0.5784695610128968,-0.29041053116571736,-0.11881601418089445,-0.3844606374028779,-0.3130598141436907,0.027965427932060336,-0.3892549625683832,0.36518912224172934,trip-hop
112,0.6633500280902108,-0.19527814118125925,1.1775378568835906,0.4409286240973206,-0.18604023461939925,0.5862415739717022,0.010136231013457436,0.2908076048527266,0.026757050310486207,-0.44243128769344886,-0.08216843320473063,-0.20356005552133571,0.1779808227456493,turkish
113,0.7678395983438078,1.5889967139283672,-0.7598451831211093,-1.3621324595962971,-0.6385863861628599,0.09271875108751171,-0.34299828783800607,-0.6102900704382078,-0.06614709827414376,0.4968842706370348,-1.5642541977761402,-0.08623041089855174,-0.49062024688320843,world-music
